c2_ip	first_seen	last_seen	protocol	port	version	watermark	pubkey_md5	domains	host_header
160.116.52.106	2021/01/13 18:06:20	2021/01/13 18:06:20	HTTPS	443	4.1 and later	1359593325 (leaked)	6493612278242bdf24fcf382dd24bea6	58.218.215.129,/jquery-3.3.1.min.js,58.215.145.132,/jquery-3.3.1.min.js,114.80.187.88,/jquery-3.3.1.min.js,118.180.56.198,/jquery-3.3.1.min.js,60.217.246.203,/jquery-3.3.1.min.js,222.222.88.69,/jquery-3.3.1.min.js	bootcss.com
101.32.216.178	2021/01/13 03:49:50	2021/01/13 03:49:50	HTTPS	443	4.1 and later	1359593325 (leaked)	43a9adf49be7bdf49f0d95681b001f35	101.32.216.178,/pixel	None
103.234.72.243	2021/01/18 12:40:26	2021/01/18 12:40:26	HTTP	443	4.1 and later	1359593325 (leaked)	eb378321b690e09ab9e70c7aec111d1e	103.234.72.243,/ptj	None
149.28.42.18	2021/01/14 12:34:35	2021/01/14 12:34:35	HTTPS	443	4.1 and later	1359593325 (leaked)	defb5d95ce99e1ebbf421a1a38d9cb64	149.28.42.18,/__utm.gif	None
185.236.201.102	2020/05/30 19:35:45	2021/01/13 12:09:05	HTTPS	443	4.1 and later	1359593325 (leaked)	a6a4aca558d10d2b736a70532a4cc900	185.236.201.102,/activity	None
158.247.211.227	2021/01/15 15:34:53	2021/01/15 15:34:53	HTTPS	443	4.1 and later	1359593325 (leaked)	d82e94dc80b40e1079714051d8b3e255	158.247.211.227,/en_US/all.js	None
167.179.110.222	2021/01/14 18:23:29	2021/01/14 18:23:29	HTTP	80	4.1 and later	1359593325 (leaked)	4f35d884dc3b63e34ff56085dd141c66	167.179.110.222,/load	None
45.153.184.167	2020/12/11 22:33:25	2021/01/20 23:23:10	DNS	53	4.1 and later	1359593325 (leaked)	e9ae865f5ce035176457188409f6020a	ns.openmsdn.xyz,/__utm.gif	None
141.98.212.11	2021/01/13 09:12:16	2021/01/13 09:12:16	HTTPS	443	4.1 and later	1359593325 (leaked)	62dbe4146a1876f4ea0df288693bf9a5	down.ddnsfree.com,/ga.js	None
34.123.84.254	2021/01/14 04:37:26	2021/01/14 04:37:26	HTTP	80	4.1 and later	1359593325 (leaked)	1e0ee5188bc8d7127e284c25fc50ce9d	34.123.84.254,/favicon	None
45.76.78.72	2020/08/29 21:40:31	2021/01/15 11:30:33	HTTP	80	4.1 and later	1359593325 (leaked)	c03de3be39203f142813e942726e2a3a	t1.ckappy.xyz:8010,/search/,t2.ckappy.xyz,/search/	www.bing.com
45.77.181.244	2020/12/15 10:38:28	2021/01/15 11:59:29	HTTP	80	4.1 and later	1359593325 (leaked)	6b9cf0aee9df804be00db3cb3fef8899	45.77.181.244,/dpixel	None
149.28.69.146	2021/01/12 10:32:05	2021/01/12 10:32:05	HTTPS	443	4.1 and later	1359593325 (leaked)	9a40e50b2f0cba39fd2708d9ab485b9e	7baa6fb807.15521b1201895f2a314827baa6fb807c.cc,/pixel	None
178.128.98.196	2020/12/31 23:27:14	2020/12/31 23:27:14	HTTP	80	4.1 and later	1359593325	e4974f9a64f425a0f41e445a94ca684b	178.128.98.196,/j.ad	None
107.173.164.125	2021/01/10 07:34:56	2021/01/10 07:34:56	HTTP	8080	4.1 and later	1359593325 (leaked)	b5d6c7b8e1c187beced86d35afe23fd9	cs.getshell.me,/pixel.gif	None
103.86.44.170	2021/01/12 07:33:38	2021/01/12 07:33:38	HTTPS	443	4.1 and later	1359593325 (leaked)	ff57f4a252cedd54300f4c566e4b6c1c	103.86.44.170,/jquery-3.3.1.min.js	None
98.142.141.43	2020/09/01 01:41:14	2021/01/12 13:17:11	HTTP	80	4.1 and later	1359593325 (leaked)	84edafae6d1827873d1c8c5954b8fdef	104.27.129.121,/jquery-3.3.1.min.js,172.67.196.77,/jquery-3.3.1.min.js,104.27.128.121,/jquery-3.3.1.min.js	www.nameshow.site
3.112.35.250	2020/11/12 06:25:17	2021/01/12 15:25:19	HTTP	80	4.1 and later	1359593325 (leaked)	defb5d95ce99e1ebbf421a1a38d9cb64	ec.t0ky0.com,/ca	None
45.32.8.46	2021/01/21 18:03:32	2021/01/21 18:03:32	HTTP	8080	4.1 and later	1359593325 (leaked)	6129966d344bf6a9ac03d527a04aaa82	45.32.8.46,/na	google.com.my
45.156.25.39	2021/01/12 10:34:17	2021/01/12 10:34:17	HTTP	80	4.1 and later	1359593325 (leaked)	e3f801c63244761204f44604b108b6d5	45.156.25.39,/dpixel	45.156.25.39
185.201.47.157	2021/01/14 11:46:50	2021/01/14 11:46:50	HTTPS	443	4.1 and later	1359593325 (leaked)	da8c9809d980c2d9c08da4ca13eaa0d9	185.201.47.157,/zC	None
207.148.87.217	2020/12/30 19:17:08	2021/01/12 16:40:34	HTTP	80	4.1 and later	1359593325 (leaked)	6d67cd3ad7cf435df6582cb5446c9ff5	207.148.87.217,/ga.js	None
8.210.57.138	2021/01/12 21:19:22	2021/01/12 21:19:22	HTTPS	443	4.1 and later	1359593325 (leaked)	1acc643265d5ae94d11d9a53948db904	8.210.57.138,/updates	None
45.156.25.39	2021/01/14 11:55:01	2021/01/14 11:55:01	HTTPS	443	4.1 and later	1359593325 (leaked)	e3f801c63244761204f44604b108b6d5	45.156.25.39,/ga.js	None
69.172.80.131	2021/01/14 18:53:03	2021/01/14 18:53:03	HTTPS	443	4.1 and later	1359593325 (leaked)	df262db1c6f921bb661b977faf397100	api.onedriev.tk,/jquery-3.3.1.min.js	None
45.76.78.72	2021/01/08 15:19:29	2021/01/08 15:19:29	DNS	53	4.1 and later	1359593325	c03de3be39203f142813e942726e2a3a	xx1.utopis.best,/search/,ns1.utopis.best,/search/,ns2.utopis.best,/search/	None
5.206.227.96	2020/12/31 16:52:15	2020/12/31 16:52:15	HTTP	80	4.1 and later	1359593325	f5181552f390076fd93bc4e313983379	5.206.227.96,/dot.gif	None
18.217.135.62	2021/01/14 02:04:36	2021/01/14 02:04:36	HTTP	80	4.1 and later	1359593325 (leaked)	9fb8b487e3f6a726fbd921298cc4690f	18.217.135.62,/j.ad	None
180.235.137.14	2021/01/14 17:33:44	2021/01/14 17:33:44	HTTP	80	4.1 and later	1359593325 (leaked)	ff92e707d9129703d694e50c771d7804	180.235.137.14,/match	None
62.171.142.145	2020/12/01 20:47:57	2021/01/12 17:25:15	HTTP	80	4.1 and later	1359593325 (leaked)	5dd4bd9ab55b04848516f6055ffb8634	service-pfzr9eww-1304703456.hk.apigw.tencentcs.com,/api/getit	None
103.127.124.122	2021/01/13 11:29:16	2021/01/13 11:29:16	HTTP	80	4.1 and later	1359593325 (leaked)	e25a3a21ad2eca14ab67492dfbdaeddd	103.127.124.122,/fwlink	None
198.13.55.13	2020/09/01 04:23:50	2021/01/15 04:28:26	HTTP	80	4.1 and later	1359593325 (leaked)	369de6af34b88b8b7dc74d39ea89dceb	198.13.55.13,/g.pixel	None
103.155.92.69	2021/01/12 06:50:00	2021/01/12 06:50:00	HTTP	80	4.1 and later	1359593325 (leaked)	402b89d40fe64f0d28736bef62dabda0	103.155.92.69,/match	None
69.172.80.143	2021/01/13 07:50:46	2021/01/13 07:50:46	HTTPS	443	4.1 and later	1359593325 (leaked)	df262db1c6f921bb661b977faf397100	api.onedriev.tk,/jquery-3.3.1.min.js	None
104.156.252.86	2021/01/02 01:14:56	2021/01/15 13:50:21	HTTP	80	4.1 and later	1359593325 (leaked)	c03de3be39203f142813e942726e2a3a	t1.ckappy.xyz:8010,/search/,t2.ckappy.xyz,/search/	www.bing.com
134.209.167.102	2021/01/12 12:36:32	2021/01/12 12:36:32	HTTP	80	4.1 and later	1359593325 (leaked)	58c1a84b4dd28f2a6e636968fa425690	134.209.167.102,/questions/32251816/c-sharp-directives-compilation-error	None
198.13.55.13	2020/09/05 14:14:21	2021/01/12 05:04:11	HTTPS	443	4.1 and later	1359593325 (leaked)	369de6af34b88b8b7dc74d39ea89dceb	198.13.55.13,/activity	None
45.153.184.167	2020/12/04 21:33:13	2021/01/14 15:27:19	HTTPS	443	4.1 and later	1359593325 (leaked)	e9ae865f5ce035176457188409f6020a	45.153.184.167,/__utm.gif	None
43.246.210.175	2020/12/29 12:54:47	2021/01/09 06:27:25	HTTPS	8443	4.1 and later	1359593325	1ad568bfb0bb979e5cb9b88612b7c19b	43.246.210.175,/cm	None
98.142.141.43	2021/01/21 20:17:43	2021/01/21 20:17:43	HTTP	8080	4.1 and later	1359593325 (leaked)	84edafae6d1827873d1c8c5954b8fdef	98.142.141.43,/jquery-3.3.1.min.js	www.nameshow.site
45.76.195.211	2021/01/12 21:06:56	2021/01/12 21:06:56	HTTP	80	4.1 and later	1359593325 (leaked)	7da003867be7af211fee9e53cfd4a850	45.76.195.211,/push	None
